Nathenael,Dereb,21,Falls Road,Penn Station
Miranda,Chapman,18,BWI Airport,State Center
Kellan,Clark,23,Penn Station,Warren Road
Aida,Johnston,21,Camden Yards,Lexington Market
Joyce,Morris,28,Baltimore Highlands,Cultural Center
Hailey,Morris,24,Woodberry,Falls Road
Bruce,Harper,26,Warren Road,Cold Spring Lane
Lydia,Chapman,19,Pepper Road,Hunt Valley
Max,Taylor,26,Cold Spring Lane,Gilroy Road
Justin,Montgomery,20,Mt. Royal,Timonium
Samantha,Bailey,24,Cold Spring Lane,Falls Road
Savana,Thompson,30,BWI Airport,Lexington Market
Adison,Baker,30,Cherry Hill,McCormick Road
Carl,Russell,30,Westport,Cherry Hill
Fenton,Spencer,24,Camden Yards,Patapsco Avenue
Freddie,Wells,28,North Linthicum,Timonium Business Park
Maya,Brown,26,Mt. Royal,Timonium Business Park
Audrey,Brown,30,Hunt Valley,Pepper Road
Rosie,Harris,21,Penn Station,State Center
Adelaide,Barrett,24,North Avenue,Lutherville
Miller,Owens,25,University Street,Gilroy Road
Madaline,Elliott,27,State Center,Convention Center
Arthur,Baker,25,Warren Road,BWI Airport
Wilson,Miller,22,Convention Center,Camden Yards
Ned,Fowler,21,Gilroy Road,North Avenue
Natalie,Farrell,28,Hunt Valley,Pepper Road
Savana,Ellis,18,Hunt Valley,Cold Spring Lane
April,Ellis,25,Penn Station,Gilroy Road
Roman,Campbell,27,Timonium Business Park,Woodberry
Elise,Chapman,24,BWI Airport,Mount Washington
Brooke,Robinson,23,Falls Road,Gilroy Road
Fenton,Anderson,19,Baltimore Highlands,University Street
Lydia,Johnson,24,Cherry Hill,University Street
Andrew,Russell,29,Patapsco Avenue,Timonium Business Park
Olivia,Tucker,23,Hunt Valley,North Avenue
Valeria,Harris,22,Mt. Royal,Camden Yards
Carl,Ryan,23,Gilroy Road,Patapsco Avenue
Alen,Campbell,18,Hunt Valley,Pepper Road
Dexter,Barrett,23,State Center,Linthicum
Charlotte,Turner,19,North Avenue,North Linthicum
Lucas,Rogers,20,Linthicum,North Linthicum
Marcus,Casey,30,Westport,Linthicum
Grace,Cameron,18,Gilroy Road,Timonium Business Park
Chelsea,Elliott,20,Falls Road,North Avenue
Alberta,Johnson,29,State Center,Lexington Market
Miranda,Watson,24,Mount Washington,Hunt Valley
Gianna,Bailey,18,Gilroy Road,Hunt Valley
Jessica,Payne,25,Camden Yards,Warren Road
Jasmine,Crawford,24,Warren Road,North Linthicum
Spike,Richards,22,Baltimore Highlands,North Avenue
Ryan,Martin,18,Penn Station,Woodberry
Melanie,Bennett,18,Mount Washington,Penn Station
Adelaide,Cunningham,18,North Linthicum,BWI Airport
Harold,Richards,26,North Avenue,Woodberry
Natalie,Morris,23,McCormick Road,Hunt Valley
Wilson,Ross,22,State Center,University Street
Kevin,Warren,23,Hunt Valley,Pepper Road
Lucas,Lloyd,23,Cold Spring Lane,Timonium Business Park
Jordan,West,29,Hunt Valley,North Avenue
Maria,Crawford,20,Timonium,Timonium Business Park
Violet,Tucker,29,Gilroy Road,Falls Road
Alissa,Mason,21,Woodberry,Falls Road
Abigail,Henderson,21,Falls Road,Mt. Royal
Valeria,Chapman,23,McCormick Road,Mount Washington
Dexter,Perkins,20,McCormick Road,Baltimore Highlands
Kelsey,Ellis,26,Patapsco Avenue,State Center
Heather,Sullivan,27,Gilroy Road,Mt. Royal
Reid,Andrews,26,Lutherville,North Linthicum
Ellia,Anderson,27,Falls Road,Penn Station
Patrick,Taylor,20,Hamburg Street,Convention Center
Jordan,Moore,27,University Street,Hamburg Street
Adrian,Carter,30,Linthicum,Mount Washington
William,Moore,19,Convention Center,Warren Road
Rubie,Rogers,27,Hunt Valley,Timonium Business Park
Brooke,Martin,20,Cultural Center,University Street
Myra,Hunt,18,Warren Road,Linthicum
Ryan,Morris,21,Hamburg Street,Falls Road
Spike,Taylor,20,North Avenue,Pepper Road
Evelyn,Perry,25,Camden Yards,Mount Washington
Stuart,Gray,27,Lutherville,University Street
Abraham,Stewart,24,Timonium Business Park,University Street
Lucy,Chapman,26,Hunt Valley,Pepper Road
Kevin,Williams,28,Hamburg Street,McCormick Road
Dominik,Carroll,25,Mount Washington,Hamburg Street
Frederick,Fowler,21,Hamburg Street,State Center
Chester,Phillips,21,Falls Road,Mt. Royal
David,Nelson,29,Cold Spring Lane,Baltimore Highlands
James,Grant,27,Woodberry,University Street
Sam,Craig,26,Mt. Royal,Cold Spring Lane
Deanna,Myers,27,Penn Station,Camden Yards
Alberta,Kelley,29,Pepper Road,Hunt Valley
Agata,Lloyd,25,Woodberry,North Linthicum
Penelope,Lloyd,18,BWI Business Park,Westport
Elian,Brown,20,State Center,Cultural Center
Carl,Ellis,18,Cold Spring Lane,Patapsco Avenue
Eddy,Hunt,21,Hamburg Street,Baltimore Highlands
Cherry,Richards,29,Lexington Market,Hamburg Street
Harold,Foster,28,Woodberry,Mt. Royal
Arnold,Elliott,29,Timonium,Warren Road
Lily,Payne,26,McCormick Road,Timonium
Madaline,Roberts,18,Linthicum,Pepper Road
Sarah,Myers,26,Mt. Royal,University Street
Carl,Myers,19,Cold Spring Lane,Camden Yards
Garry,Douglas,19,Camden Yards,Warren Road
Spike,Thompson,29,Penn Station,Pepper Road
Oscar,Roberts,20,Linthicum,State Center
Maximilian,Morgan,20,Hunt Valley,Pepper Road
Sabrina,Payne,30,Falls Road,Cold Spring Lane
Aida,Morris,27,Baltimore Highlands,Warren Road
Jared,Cooper,27,Mt. Royal,Lutherville
Amber,Williams,30,Cold Spring Lane,Timonium Business Park
Stella,Montgomery,24,Penn Station,Gilroy Road
Tony,Murphy,28,North Avenue,Mount Washington
Darcy,Thomas,26,Warren Road,State Center
Bruce,Edwards,21,Falls Road,McCormick Road
Julia,Barnes,25,Pepper Road,Hunt Valley
Sydney,Hamilton,24,Westport,Cherry Hill
Carl,Crawford,30,Hunt Valley,Pepper Road
Amber,Morrison,25,Cold Spring Lane,Lutherville
Elian,Cole,29,Timonium Business Park,Mt. Royal
Carina,Farrell,19,Lexington Market,Lutherville
Garry,Sullivan,29,Cold Spring Lane,Patapsco Avenue
Arthur,Brown,29,North Avenue,Woodberry
Miranda,Cole,29,Cold Spring Lane,Mount Washington
Frederick,Chapman,30,McCormick Road,Timonium
Michelle,Mason,21,Patapsco Avenue,Warren Road
George,Andrews,23,BWI Airport,Gilroy Road
Sarah,Murphy,25,Woodberry,Timonium Business Park
Maximilian,Baker,25,Hamburg Street,Warren Road
Kevin,Elliott,18,North Avenue,Warren Road
Jenna,Richards,30,Falls Road,Hunt Valley
Brooke,Crawford,30,Hunt Valley,Warren Road
Briony,Montgomery,27,Lexington Market,Baltimore Highlands
Eric,Ferguson,19,Mount Washington,Hamburg Street
Mary,Hunt,18,Gilroy Road,Mount Washington
Sydney,Cunningham,25,McCormick Road,Pepper Road
Jack,Howard,21,Woodberry,Gilroy Road
Eleanor,Fowler,21,Timonium,Woodberry
Frederick,Tucker,25,Westport,Hunt Valley
Jacob,Foster,18,Cherry Hill,Cultural Center
Hailey,Douglas,30,Linthicum,Cold Spring Lane
Jack,Edwards,25,Falls Road,Camden Yards
Lilianna,Johnston,25,Falls Road,Lutherville
Brad,Thomas,28,Hunt Valley,Pepper Road
April,Andrews,20,Timonium,Woodberry
Catherine,Harper,28,Patapsco Avenue,State Center
Vanessa,Turner,22,Convention Center,Cultural Center
Vivian,Johnson,27,Mount Washington,Woodberry
Aida,Stevens,28,McCormick Road,Mount Washington
Jasmine,Ellis,29,Westport,Linthicum
Garry,Gibson,25,North Avenue,Falls Road
Miranda,Armstrong,29,Mount Washington,Camden Yards
James,Perkins,27,McCormick Road,Timonium
Jasmine,Elliott,24,Cold Spring Lane,Timonium
Henry,Smith,28,Baltimore Highlands,North Avenue
Chloe,Cameron,27,State Center,Cold Spring Lane
Edith,Dixon,27,Pepper Road,McCormick Road
Rafael,Fowler,20,North Linthicum,Convention Center
Myra,Cooper,21,North Linthicum,Mount Washington
Sienna,Cameron,22,Woodberry,Mount Washington
Daisy,Mitchell,20,Mount Washington,Woodberry
Arianna,Armstrong,21,Gilroy Road,Patapsco Avenue
Ryan,Hill,22,Mt. Royal,McCormick Road
Carlos,Edwards,29,Timonium Business Park,McCormick Road
Kimberly,Thompson,22,Timonium Business Park,Timonium
Kirsten,Perkins,23,State Center,Penn Station
Adele,Cooper,24,Lexington Market,Convention Center
Jasmine,Edwards,26,North Avenue,Mount Washington
Abraham,Myers,26,Pepper Road,Gilroy Road
Owen,Myers,19,University Street,Penn Station
Amelia,Hawkins,27,Hamburg Street,Baltimore Highlands
Daryl,Clark,26,Pepper Road,Gilroy Road
Jasmine,Carter,26,Hunt Valley,Pepper Road
Byron,Scott,21,North Avenue,Penn Station
Edward,Thompson,23,Timonium,Penn Station
Edgar,Miller,28,Cultural Center,Pepper Road
Elise,Edwards,18,Timonium,Woodberry
Richard,Richards,27,Westport,Woodberry
Sabrina,Montgomery,24,Timonium,Hunt Valley
Adrianna,Anderson,28,Gilroy Road,Falls Road
Rosie,Richards,26,Lutherville,Warren Road
Maria,Warren,19,Gilroy Road,Timonium Business Park
Chelsea,Bennett,26,Mt. Royal,University Street
Jack,Baker,23,State Center,Hunt Valley
Amelia,Perry,25,Falls Road,Mount Washington
Edith,Richards,23,McCormick Road,Patapsco Avenue
Alberta,Riley,19,Cherry Hill,Mount Washington
Jasmine,Evans,22,McCormick Road,Hunt Valley
Carlos,Walker,26,Hunt Valley,Pepper Road
Ada,Richards,23,Timonium Business Park,Hunt Valley
Richard,Lloyd,27,Mt. Royal,Warren Road
Carl,Thompson,28,Hunt Valley,Pepper Road
Ned,Campbell,26,Westport,Woodberry
Miller,Harrison,18,Pepper Road,Hunt Valley
Tiana,Kelley,27,Lutherville,Mt. Royal
Tara,Stevens,18,Hunt Valley,McCormick Road
Alan,Ellis,23,Mount Washington,Pepper Road
Paul,Barnes,20,Linthicum,Cultural Center
Patrick,Murray,26,Lexington Market,Timonium Business Park
Andrew,Craig,19,Penn Station,Woodberry
Jasmine,Douglas,22,Hunt Valley,Patapsco Avenue
Carlos,Brown,22,Warren Road,Hunt Valley
Melissa,Moore,27,Warren Road,Hamburg Street
Dexter,Hunt,30,Cold Spring Lane,Hamburg Street
Brianna,Mason,26,University Street,North Avenue
Tara,Brooks,19,McCormick Road,Hunt Valley
Maddie,Hamilton,28,Camden Yards,Convention Center
Adrian,Taylor,26,North Linthicum,Patapsco Avenue
James,Taylor,29,Westport,Timonium Business Park
Sienna,Murray,22,Gilroy Road,North Avenue
Brooke,Andrews,24,Penn Station,Linthicum
Michelle,Perry,25,Cold Spring Lane,Patapsco Avenue
Samantha,Richards,23,Linthicum,BWI Airport
Rebecca,Crawford,20,Timonium,Gilroy Road
Tony,Bennett,30,Hamburg Street,Timonium
Marcus,Carroll,18,McCormick Road,University Street
Evelyn,Ross,26,Baltimore Highlands,Convention Center
Kellan,Murphy,18,Camden Yards,Cultural Center
Alen,Brooks,23,Timonium,Woodberry
Wilson,Farrell,21,Mt. Royal,Warren Road
Thomas,Phillips,24,Lutherville,McCormick Road
Aldus,Evans,19,Hunt Valley,Timonium
Lilianna,Edwards,18,Patapsco Avenue,Cold Spring Lane
Jessica,Alexander,19,University Street,Timonium Business Park
George,Harper,20,Mount Washington,Linthicum
Amber,Ryan,28,Timonium,North Avenue
Amelia,Cooper,20,Lexington Market,Timonium
Penelope,Hamilton,25,Hamburg Street,Lutherville
Charlotte,Russell,30,North Avenue,Patapsco Avenue
Annabella,Harris,28,Hunt Valley,McCormick Road
Lucy,Turner,27,Linthicum,Pepper Road
Michelle,Murphy,22,Baltimore Highlands,Gilroy Road
Bruce,Bailey,20,Gilroy Road,Hunt Valley
Caroline,Turner,23,Mount Washington,Warren Road
Frederick,Higgins,22,Hunt Valley,Pepper Road
Nicole,Brooks,28,Hamburg Street,Linthicum
Jordan,Allen,25,Cold Spring Lane,Woodberry
Alberta,Murphy,19,Warren Road,Baltimore Highlands
Mary,Andrews,24,Warren Road,Hunt Valley
Frederick,Lloyd,24,Timonium Business Park,North Avenue
Victoria,Morrison,24,Warren Road,Woodberry
Roland,Jones,30,Penn Station,Linthicum
Maddie,Farrell,18,Pepper Road,Timonium
Aiden,Barrett,30,Camden Yards,Lexington Market
Anna,Richardson,20,Cold Spring Lane,McCormick Road
Cherry,Murphy,30,Pepper Road,McCormick Road
Ellia,Miller,18,North Avenue,Falls Road
Brianna,Fowler,28,Warren Road,Convention Center
Aston,Nelson,18,Timonium Business Park,Cherry Hill
Dominik,Johnston,23,Pepper Road,Penn Station
Patrick,Farrell,18,Pepper Road,Hunt Valley
Adele,Miller,24,Westport,Warren Road
Kelvin,Higgins,25,Hamburg Street,BWI Airport
Brad,Farrell,19,Pepper Road,State Center
Honey,Kelley,26,McCormick Road,Pepper Road
Dainton,Thompson,27,Falls Road,Timonium Business Park
Sofia,Alexander,29,McCormick Road,North Linthicum
Justin,Phillips,28,Patapsco Avenue,State Center
Connie,Taylor,22,North Avenue,McCormick Road
Kelsey,Dixon,29,McCormick Road,Cold Spring Lane
James,Montgomery,26,State Center,Pepper Road
Eleanor,Alexander,18,Westport,Hunt Valley
Sienna,Martin,20,Cold Spring Lane,Penn Station
Lucia,Campbell,29,Timonium,Hunt Valley
James,Roberts,24,Pepper Road,McCormick Road
Eddy,Bailey,24,Hunt Valley,Lutherville
William,Baker,27,Warren Road,Timonium
Edwin,Gray,18,Hunt Valley,McCormick Road
Stuart,Lloyd,26,Lutherville,Camden Yards
Valeria,Elliott,20,Lutherville,North Avenue
Sydney,Sullivan,24,Hamburg Street,Mt. Royal
Thomas,Moore,20,Linthicum,Baltimore Highlands
Isabella,Walker,20,University Street,Patapsco Avenue
Mike,Stevens,24,BWI Airport,North Linthicum
Chester,Campbell,19,Hunt Valley,Lutherville
Kimberly,Edwards,22,BWI Airport,Falls Road
Miley,Johnston,24,Camden Yards,Mount Washington
Oliver,Elliott,19,Lutherville,Hunt Valley
Melissa,Gray,19,Mount Washington,Hamburg Street
Freddie,Edwards,25,Baltimore Highlands,Penn Station
Kevin,Barrett,25,Pepper Road,North Avenue
April,Brooks,20,Falls Road,Pepper Road
Ted,Cameron,18,Warren Road,Penn Station
Henry,Johnston,19,Woodberry,Timonium
Kimberly,Henderson,21,Hamburg Street,State Center
Rafael,Harrison,27,Woodberry,Timonium Business Park
Catherine,Turner,28,McCormick Road,Pepper Road
Abraham,Dixon,19,North Linthicum,North Avenue
Catherine,Henderson,25,Gilroy Road,Warren Road
Savana,Martin,20,Gilroy Road,Penn Station
Alen,Sullivan,30,University Street,McCormick Road
Adrian,Ryan,20,Linthicum,Convention Center
Sophia,Moore,20,Westport,Convention Center
Elise,Warren,20,Gilroy Road,Lexington Market
Derek,Watson,19,Linthicum,McCormick Road
Adelaide,Thomas,26,Pepper Road,Cherry Hill
Maximilian,Jones,27,Woodberry,Camden Yards
John,Morgan,28,Lutherville,BWI Airport
Evelyn,Gibson,27,Hamburg Street,Woodberry
Clark,Johnston,22,University Street,Penn Station
